X,Y,Z,grade_value,grade,section
240.943183,250,-621.582468,250.326240197989,clusterII,10
333.096751,250,-580.411416,250.970074620441,clusterII,10
380.133468,250,-541.248708,250.708982031305,clusterII,10
317.737823,250,-571.373868,250.580007802968,clusterII,10
341.736148,250,-569.365524,250.943631675327,clusterII,10
387.812932,250,-543.257052,250.493861601852,clusterII,10
277.420637,250,-601.499028,250.753193752507,clusterII,10
