X,Y,Z,grade_value,grade,Fig
947,2000,-770,0.9968904300432874,1%Mo,5
965,2000,-778,0.9823089183524021,1%Mo,5
977,2000,-779,0.9764566332521821,1%Mo,5
957,2000,-783,0.977396983859218,1%Mo,5
938,2000,-769,0.9770734602302237,1%Mo,5
966,2000,-777,0.9668472353976393,1%Mo,5
989,2000,-780,0.9964656017125509,1%Mo,5
982,2000,-789,0.9651753137659705,1%Mo,5
