X,Y,Z,grade_value,grade
1378,0,-935,0.42359514750073124,Sn9
1385,0,-933,0.428436919322636,Sn9
1413,0,-931,0.4299016474989424,Sn9
1406,0,-936,0.4222668882213557,Sn9
1390,0,-943,0.4224977096123727,Sn9
1372,0,-956,0.4212335206365292,Sn9
1372,0,-952,0.4270736026481768,Sn9
1380,0,-945,0.42954770406958453,Sn9
1405,0,-945,0.4297261122186114,Sn9
1408,0,-932,0.4251338312590051,Sn9
