X,Y,Z,grade_value,grade
511,0,-793,0.6211788284809469,Sn3
537,0,-791,0.6282639878240968,Sn3
572,0,-791,0.6275235121492737,Sn3
626,0,-793,0.6263318105481102,Sn3
643,0,-795,0.6299461613051769,Sn3
645,0,-808,0.624390081479539,Sn3
595,0,-802,0.6296410546926071,Sn3
535,0,-798,0.6273952686883482,Sn3
513,0,-796,0.6210405894309267,Sn3
567,0,-798,0.627741311059592,Sn3
590,0,-798,0.6241726009983057,Sn3
619,0,-798,0.6236127906774177,Sn3
