X,Y,Z,grade,borehole
1210.0,32.5,-145.75,0.0671797735772665,21
1210.0,32.5,-141.25,0.0662641817899972,21
1210.0,32.5,-136.75,0.0656591956657662,21
1210.0,32.5,-132.25,0.0653930267547154,21
1210.0,32.5,-127.75,0.0654551904920269,21
1210.0,32.5,-123.25,0.06580464409544,21
1210.0,32.5,-118.75,0.0663798578245882,21
