X,Y,Z,grade,borehole
610.0,72.5,-114.25,0.0605806557157106,38
610.0,72.5,-109.75,0.0607383138986374,38
610.0,72.5,-105.25,0.0608777236453679,38
610.0,72.5,-100.75,0.0609983995756042,38
610.0,72.5,-96.25,0.0611003444649587,38
610.0,72.5,-91.75,0.0611840736221742,38
610.0,72.5,-87.25,0.0612506122142851,38
610.0,72.5,-82.75,0.0613014627386605,38
610.0,72.5,-78.25,0.0613385425691088,38
610.0,72.5,-73.75,0.0613640946916476,38
610.0,72.5,-69.25,0.0613805779673616,38
