X,Y,Z,grade,borehole
590.0,67.5,-96.25,0.0611550152782388,48
590.0,67.5,-91.75,0.0612440746897362,48
590.0,67.5,-87.25,0.0613186987339583,48
590.0,67.5,-82.75,0.061379768875225,48
590.0,67.5,-78.25,0.0614285027151221,48
590.0,67.5,-73.75,0.061466405526672,48
590.0,67.5,-69.25,0.0614952052972223,48
