X,Y,Z,grade,borehole
990.0,102.5,-163.75,0.0717494882544083,12
990.0,102.5,-159.25,0.0715190626877069,12
990.0,102.5,-154.75,0.0712837925593006,12
990.0,102.5,-150.25,0.0710463459657703,12
990.0,102.5,-145.75,0.0708091121040259,12
990.0,102.5,-141.25,0.0705741391722818,12
990.0,102.5,-136.75,0.070343097071857,12
990.0,102.5,-132.25,0.0701172668127889,12
990.0,102.5,-127.75,0.0698975558964823,12
