X,Y,Z,grade,formation,borehole
103.75,450.0,-527.0,5.056616020311531,4,63
103.75,450.0,-505.0,5.056572714018171,4,63
103.75,450.0,-483.0,5.05654518294902,4,63
103.75,450.0,-461.0,5.056534698018255,4,63
103.75,450.0,-439.0,5.05654210283083,4,63
103.75,450.0,-417.0,5.056567736381927,4,63
103.75,450.0,-395.0,5.056611381994856,4,63
103.75,450.0,-373.0,5.056672250371573,4,63
103.75,450.0,-351.0,5.056749001416767,4,63
103.75,450.0,-329.0,5.056839805117501,4,63
