X,Y,Z,grade,formation,borehole
1307.25,290.0,-307.0,5.062517928668778,4,56
1307.25,290.0,-285.0,5.062254334607301,4,56
1307.25,290.0,-263.0,5.061968472056915,4,56
1307.25,290.0,-241.0,5.061663706244773,4,56
1307.25,290.0,-219.0,5.061344872195122,4,56
