X,Y,Z,grade,formation,borehole
560.25,110.0,-417.0,5.068977224083261,4,9
560.25,110.0,-395.0,5.069244912552768,4,9
560.25,110.0,-373.0,5.069349548869688,4,9
560.25,110.0,-351.0,5.069263703380894,4,9
560.25,110.0,-329.0,5.06896982433038,4,9
560.25,110.0,-307.0,5.0684650158922935,4,9
560.25,110.0,-285.0,5.067764407058929,4,9
560.25,110.0,-263.0,5.06690165552303,4,9
560.25,110.0,-241.0,5.065925670749214,4,9
