X,Y,Z,grade,formation,borehole
601.75,370.0,-417.0,5.0628024199389285,4,53
601.75,370.0,-395.0,5.062800767380082,4,53
601.75,370.0,-373.0,5.062760021231799,4,53
601.75,370.0,-351.0,5.062679214401699,4,53
601.75,370.0,-329.0,5.062558912135444,4,53
601.75,370.0,-307.0,5.06240130095467,4,53
601.75,370.0,-285.0,5.062210145064281,4,53
601.75,370.0,-263.0,5.061990602228965,4,53
601.75,370.0,-241.0,5.061748911837466,4,53
