X,Y,Z,grade,formation,borehole
477.25,470.0,-439.0,5.060063612905417,4,58
477.25,470.0,-417.0,5.060093483831587,4,58
477.25,470.0,-395.0,5.0601156732827945,4,58
477.25,470.0,-373.0,5.060129261546464,4,58
477.25,470.0,-351.0,5.060133522648584,4,58
477.25,470.0,-329.0,5.060127973924264,4,58
477.25,470.0,-307.0,5.06011241429979,4,58
477.25,470.0,-285.0,5.060086947109829,4,58
477.25,470.0,-263.0,5.060051984599284,4,58
