X,Y,Z,grade,formation,borehole
684.75,750.0,-439.0,5.059578551978164,4,28
684.75,750.0,-417.0,5.05957544489086,4,28
684.75,750.0,-395.0,5.059569398070366,4,28
684.75,750.0,-373.0,5.059560423022504,4,28
684.75,750.0,-351.0,5.059548579744559,4,28
684.75,750.0,-329.0,5.05953397663278,4,28
684.75,750.0,-307.0,5.059516768787886,4,28
684.75,750.0,-285.0,5.059497154739056,4,28
