X,Y,Z,grade,formation,borehole
311.25,290.0,-461.0,5.056845251818846,4,67
311.25,290.0,-439.0,5.05699204221507,4,67
311.25,290.0,-417.0,5.057182906662324,4,67
311.25,290.0,-395.0,5.057413050661124,4,67
311.25,290.0,-373.0,5.057674395489794,4,67
311.25,290.0,-351.0,5.057956024770737,4,67
311.25,290.0,-329.0,5.058245128069848,4,67
311.25,290.0,-307.0,5.058528315987892,4,67
311.25,290.0,-285.0,5.058793064378516,4,67
311.25,290.0,-263.0,5.059028997205013,4,67
