X,Y,Z,grade,formation,borehole
228.25,190.0,-483.0,5.050883880947012,4,40
228.25,190.0,-461.0,5.050754428981238,4,40
228.25,190.0,-439.0,5.050796881112502,4,40
228.25,190.0,-417.0,5.051042191222585,4,40
228.25,190.0,-395.0,5.051506634432292,4,40
228.25,190.0,-373.0,5.052182554047343,4,40
228.25,190.0,-351.0,5.053032574012266,4,40
228.25,190.0,-329.0,5.0539919258960575,4,40
228.25,190.0,-307.0,5.054980719818945,4,40
228.25,190.0,-285.0,5.055922210080855,4,40
