X,Y,Z,grade,formation,borehole
394.25,450.0,-461.0,5.059170323978683,4,5
394.25,450.0,-439.0,5.059217376190665,4,5
394.25,450.0,-417.0,5.059265147121424,4,5
394.25,450.0,-395.0,5.059312345855733,4,5
394.25,450.0,-373.0,5.059357579108611,4,5
394.25,450.0,-351.0,5.059399424031229,4,5
394.25,450.0,-329.0,5.059436510520451,4,5
394.25,450.0,-307.0,5.059467605503369,4,5
394.25,450.0,-285.0,5.059491690754133,4,5
394.25,450.0,-263.0,5.059508026144234,4,5
