X,Y,Z,grade,formation,borehole
1141.25,590.0,-395.0,5.060407392812415,4,55
1141.25,590.0,-373.0,5.060368654955437,4,55
1141.25,590.0,-351.0,5.060323273285983,4,55
1141.25,590.0,-329.0,5.0602716574103255,4,55
1141.25,590.0,-307.0,5.060214326498868,4,55
1141.25,590.0,-285.0,5.060151899963066,4,55
1141.25,590.0,-263.0,5.060085084374783,4,55
1141.25,590.0,-241.0,5.060014657048421,4,55
