X,Y,Z,grade,formation,borehole
601.75,590.0,-439.0,5.0601364889643285,4,49
601.75,590.0,-417.0,5.060137614228135,4,49
601.75,590.0,-395.0,5.060131457884955,4,49
601.75,590.0,-373.0,5.060117884167575,4,49
601.75,590.0,-351.0,5.060096919314096,4,49
601.75,590.0,-329.0,5.060068758133348,4,49
601.75,590.0,-307.0,5.060033763100573,4,49
601.75,590.0,-285.0,5.059992455637562,4,49
601.75,590.0,-263.0,5.0599454998225335,4,49
