X,Y,Z,grade,formation,borehole
518.75,890.0,-483.0,5.059109983752712,4,61
518.75,890.0,-461.0,5.0591112242526695,4,61
518.75,890.0,-439.0,5.059111853511319,4,61
518.75,890.0,-417.0,5.059111847295071,4,61
518.75,890.0,-395.0,5.059111188936336,4,61
518.75,890.0,-373.0,5.059109869985906,4,61
518.75,890.0,-351.0,5.0591078906798215,4,61
518.75,890.0,-329.0,5.059105260195601,4,61
518.75,890.0,-307.0,5.059101996680709,4,61
