X,Y,Z,grade,formation,borehole
1929.75,910.0,-989.0,5.059050682165213,4,30
1929.75,910.0,-967.0,5.059051105527819,4,30
1929.75,910.0,-945.0,5.05905094407871,4,30
1929.75,910.0,-923.0,5.059050145041736,4,30
1929.75,910.0,-901.0,5.05904865787365,4,30
1929.75,910.0,-879.0,5.059046435290984,4,30
1929.75,910.0,-857.0,5.059043434348357,4,30
1929.75,910.0,-835.0,5.059039617546973,4,30
