X,Y,Z,grade,formation,borehole
477.25,670.0,-461.0,5.059335890877567,4,33
477.25,670.0,-439.0,5.059342613199126,4,33
477.25,670.0,-417.0,5.05934741200057,4,33
477.25,670.0,-395.0,5.059350134058807,4,33
477.25,670.0,-373.0,5.059350658758167,4,33
477.25,670.0,-351.0,5.059348903711809,4,33
477.25,670.0,-329.0,5.059344829218542,4,33
477.25,670.0,-307.0,5.059338441242323,4,33
477.25,670.0,-285.0,5.059329792678706,4,33
