X,Y,Z,grade,formation,borehole
767.75,830.0,-461.0,5.059420266944244,4,59
767.75,830.0,-439.0,5.059418653682623,4,59
767.75,830.0,-417.0,5.0594151255511255,4,59
767.75,830.0,-395.0,5.05940967985571,4,59
767.75,830.0,-373.0,5.059402340860374,4,59
767.75,830.0,-351.0,5.059393160082966,4,59
767.75,830.0,-329.0,5.059382215835479,4,59
767.75,830.0,-307.0,5.059369611998231,4,59
767.75,830.0,-285.0,5.05935547605251,4,59
