X,Y,Z,grade,formation,borehole
726.25,330.0,-395.0,5.065413309124959,4,42
726.25,330.0,-373.0,5.065299182467836,4,42
726.25,330.0,-351.0,5.065102923841107,4,42
726.25,330.0,-329.0,5.064826035671079,4,42
726.25,330.0,-307.0,5.064474348950028,4,42
726.25,330.0,-285.0,5.064057970133456,4,42
726.25,330.0,-263.0,5.063590704532622,4,42
726.25,330.0,-241.0,5.063088990413379,4,42
