X,Y,Z,grade,formation,borehole
477.25,830.0,-483.0,5.059114925322183,4,38
477.25,830.0,-461.0,5.059117184998451,4,38
477.25,830.0,-439.0,5.059118782455653,4,38
477.25,830.0,-417.0,5.0591196753790975,4,38
477.25,830.0,-395.0,5.05911982996055,4,38
477.25,830.0,-373.0,5.059119222110242,4,38
477.25,830.0,-351.0,5.059117838449756,4,38
477.25,830.0,-329.0,5.059115677034047,4,38
477.25,830.0,-307.0,5.059112747761122,4,38
