X,Y,Z,grade,formation,borehole
560.25,790.0,-461.0,5.0592914764252574,4,3
560.25,790.0,-439.0,5.0592927906013845,4,3
560.25,790.0,-417.0,5.059292604633511,4,3
560.25,790.0,-395.0,5.059290879713101,4,3
560.25,790.0,-373.0,5.059287599553393,4,3
560.25,790.0,-351.0,5.059282771632179,4,3
560.25,790.0,-329.0,5.059276427755661,4,3
560.25,790.0,-307.0,5.059268623890775,4,3
560.25,790.0,-285.0,5.05925943924844,4,3
