X,Y,Z,grade,formation,borehole
1431.75,10.0,-329.0,5.060459337386275,4,57
1431.75,10.0,-307.0,5.064146395690154,4,57
1431.75,10.0,-285.0,5.070986716588225,4,57
1431.75,10.0,-263.0,5.076767938258829,4,57
1431.75,10.0,-241.0,5.069314539045905,4,57
1431.75,10.0,-219.0,5.044540642517204,4,57
1431.75,10.0,-197.0,5.0394200959371735,4,57
