X,Y,Z,grade,formation,borehole
477.25,570.0,-439.0,5.059612715702312,4,45
477.25,570.0,-417.0,5.059624921309901,4,45
477.25,570.0,-395.0,5.059633125538387,4,45
477.25,570.0,-373.0,5.059636997180678,4,45
477.25,570.0,-351.0,5.059636291352958,4,45
477.25,570.0,-329.0,5.059630864055115,4,45
477.25,570.0,-307.0,5.059620682663945,4,45
477.25,570.0,-285.0,5.0596058314014725,4,45
477.25,570.0,-263.0,5.059586511179118,4,45
