X,Y,Z,grade,formation,borehole
394.25,350.0,-439.0,5.059337190209035,4,70
394.25,350.0,-417.0,5.059446962883125,4,70
394.25,350.0,-395.0,5.059558806211856,4,70
394.25,350.0,-373.0,5.059668847175549,4,70
394.25,350.0,-351.0,5.059772917466295,4,70
394.25,350.0,-329.0,5.059866855435066,4,70
394.25,350.0,-307.0,5.059946836286228,4,70
394.25,350.0,-285.0,5.060009686595208,4,70
394.25,350.0,-263.0,5.060053138915957,4,70
