X,Y,Z,grade,formation,borehole
850.75,710.0,-417.0,5.059895697404908,4,27
850.75,710.0,-395.0,5.059883415728956,4,27
850.75,710.0,-373.0,5.0598666592925525,4,27
850.75,710.0,-351.0,5.059845557796281,4,27
850.75,710.0,-329.0,5.059820317286795,4,27
850.75,710.0,-307.0,5.0597912165901215,4,27
850.75,710.0,-285.0,5.059758601122678,4,27
850.75,710.0,-263.0,5.059722874296437,4,27
850.75,710.0,-241.0,5.059684486882175,4,27
