X,Y,Z,grade,formation,borehole
1058.25,910.0,-505.0,5.059281721797975,4,41
1058.25,910.0,-483.0,5.059279679556741,4,41
1058.25,910.0,-461.0,5.059276502980664,4,41
1058.25,910.0,-439.0,5.059272193934495,4,41
1058.25,910.0,-417.0,5.059266766707441,4,41
1058.25,910.0,-395.0,5.059260248213627,4,41
1058.25,910.0,-373.0,5.059252677933494,4,41
1058.25,910.0,-351.0,5.059244107585087,4,41
1058.25,910.0,-329.0,5.059234600523214,4,41
