X,Y,Z,grade,formation,borehole
850.75,490.0,-373.0,5.061861879185735,4,66
850.75,490.0,-351.0,5.061782316428152,4,66
850.75,490.0,-329.0,5.061681970198968,4,66
850.75,490.0,-307.0,5.06156245576491,4,66
850.75,490.0,-285.0,5.061425965004834,4,66
850.75,490.0,-263.0,5.061275179560119,4,66
850.75,490.0,-241.0,5.061113151732859,4,66
