X,Y,Z,grade,formation,borehole
103.75,610.0,-505.0,5.05801133497474,4,7
103.75,610.0,-483.0,5.0580066471024425,4,7
103.75,610.0,-461.0,5.0580069102004055,4,7
103.75,610.0,-439.0,5.058012205545239,4,7
103.75,610.0,-417.0,5.058022511122086,4,7
103.75,610.0,-395.0,5.058037698941846,4,7
103.75,610.0,-373.0,5.0580575369158725,4,7
103.75,610.0,-351.0,5.058081695376202,4,7
103.75,610.0,-329.0,5.058109757983393,4,7
103.75,610.0,-307.0,5.058141236425985,4,7
