X,Y,Z,grade,formation,borehole
394.25,830.0,-483.0,5.05900038185428,4,26
394.25,830.0,-461.0,5.05900270602167,4,26
394.25,830.0,-439.0,5.059004836109335,4,26
394.25,830.0,-417.0,5.059006731240654,4,26
394.25,830.0,-395.0,5.059008352236627,4,26
394.25,830.0,-373.0,5.059009662788831,4,26
394.25,830.0,-351.0,5.059010630608254,4,26
394.25,830.0,-329.0,5.059011228497803,4,26
394.25,830.0,-307.0,5.059011435297411,4,26
