X,Y,Z,grade,formation,borehole
435.75,230.0,-439.0,5.061063375733762,4,36
435.75,230.0,-417.0,5.061316264742551,4,36
435.75,230.0,-395.0,5.061562533114544,4,36
435.75,230.0,-373.0,5.06179082364402,4,36
435.75,230.0,-351.0,5.061989135676512,4,36
435.75,230.0,-329.0,5.062145992994901,4,36
435.75,230.0,-307.0,5.062251727056953,4,36
435.75,230.0,-285.0,5.062299640104958,4,36
435.75,230.0,-263.0,5.062286812256898,4,36
435.75,230.0,-241.0,5.06221438895121,4,36
