X,Y,Z,grade,formation,borehole
103.75,990.0,-461.0,5.058842252195472,4,6
103.75,990.0,-439.0,5.058842798604299,4,6
103.75,990.0,-417.0,5.058843647530219,4,6
103.75,990.0,-395.0,5.058844790170766,4,6
103.75,990.0,-373.0,5.058846214465009,4,6
103.75,990.0,-351.0,5.058847905322267,4,6
103.75,990.0,-329.0,5.0588498449174,4,6
103.75,990.0,-307.0,5.058852013043842,4,6
