X,Y,Z,grade,formation,borehole
560.25,890.0,-483.0,5.059147945754951,4,22
560.25,890.0,-461.0,5.059149033573127,4,22
560.25,890.0,-439.0,5.059149366190903,4,22
560.25,890.0,-417.0,5.059148920320847,4,22
560.25,890.0,-395.0,5.059147682167436,4,22
560.25,890.0,-373.0,5.059145648063408,4,22
560.25,890.0,-351.0,5.059142824870271,4,22
560.25,890.0,-329.0,5.0591392301186,4,22
560.25,890.0,-307.0,5.059134891874012,4,22
