X,Y,Z,grade,formation,borehole
394.25,610.0,-461.0,5.059079836613805,4,35
394.25,610.0,-439.0,5.059092797508737,4,35
394.25,610.0,-417.0,5.059105314209178,4,35
394.25,610.0,-395.0,5.059117099132648,4,35
394.25,610.0,-373.0,5.059127864502986,4,35
394.25,610.0,-351.0,5.059137334114352,4,35
394.25,610.0,-329.0,5.059145255322453,4,35
394.25,610.0,-307.0,5.0591514104640165,4,35
394.25,610.0,-285.0,5.059155626903098,4,35
