X,Y,Z,grade,formation,borehole
145.25,770.0,-483.0,5.058615419744724,4,54
145.25,770.0,-461.0,5.058616691706708,4,54
145.25,770.0,-439.0,5.058619345543153,4,54
145.25,770.0,-417.0,5.058623353009941,4,54
145.25,770.0,-395.0,5.058628663799965,4,54
145.25,770.0,-373.0,5.058635206604404,4,54
145.25,770.0,-351.0,5.058642890874247,4,54
145.25,770.0,-329.0,5.058651609215423,4,54
145.25,770.0,-307.0,5.05866124031571,4,54
