X,Y,Z,grade,formation,borehole
601.75,870.0,-483.0,5.0592101273126895,4,47
601.75,870.0,-461.0,5.059211237261082,4,47
601.75,870.0,-439.0,5.059211334957043,4,47
601.75,870.0,-417.0,5.059210393711062,4,47
601.75,870.0,-395.0,5.059208400015276,4,47
601.75,870.0,-373.0,5.059205354306213,4,47
601.75,870.0,-351.0,5.059201271387288,4,47
601.75,870.0,-329.0,5.059196180481371,4,47
601.75,870.0,-307.0,5.05919012489849,4,47
