X,Y,Z,grade,formation,borehole
892.25,650.0,-417.0,5.0602605110913785,4,13
892.25,650.0,-395.0,5.060242918216528,4,13
892.25,650.0,-373.0,5.0602186045438415,4,13
892.25,650.0,-351.0,5.060187761214361,4,13
892.25,650.0,-329.0,5.060150706093829,4,13
892.25,650.0,-307.0,5.060107878222877,4,13
892.25,650.0,-285.0,5.060059827367826,4,13
892.25,650.0,-263.0,5.0600071990549145,4,13
892.25,650.0,-241.0,5.059950715784886,4,13
