X,Y,Z,grade,formation,borehole
228.25,550.0,-483.0,5.058069055004824,4,20
228.25,550.0,-461.0,5.058078896788288,4,20
228.25,550.0,-439.0,5.05809488230525,4,20
228.25,550.0,-417.0,5.058116805166325,4,20
228.25,550.0,-395.0,5.058144289746136,4,20
228.25,550.0,-373.0,5.058176801055563,4,20
228.25,550.0,-351.0,5.058213664104124,4,20
228.25,550.0,-329.0,5.058254091721317,4,20
228.25,550.0,-307.0,5.058297218945006,4,20
