X,Y,Z,grade,formation,borehole
1224.25,830.0,-527.0,5.059372616614615,4,69
1224.25,830.0,-505.0,5.059366654898538,4,69
1224.25,830.0,-483.0,5.059359112379701,4,69
1224.25,830.0,-461.0,5.05935001711488,4,69
1224.25,830.0,-439.0,5.05933941488051,4,69
1224.25,830.0,-417.0,5.059327369062209,4,69
1224.25,830.0,-395.0,5.059313960191018,4,69
1224.25,830.0,-373.0,5.059299285119644,4,69
1224.25,830.0,-351.0,5.059283455842291,4,69
1224.25,830.0,-329.0,5.059266597973379,4,69
