X,Y,Z,grade,formation,borehole
228.25,710.0,-483.0,5.058620906427684,4,65
228.25,710.0,-461.0,5.058624488747639,4,65
228.25,710.0,-439.0,5.058629684841354,4,65
228.25,710.0,-417.0,5.058636424821792,4,65
228.25,710.0,-395.0,5.05864460773213,4,65
228.25,710.0,-373.0,5.058654104115118,4,65
228.25,710.0,-351.0,5.05866475975777,4,65
228.25,710.0,-329.0,5.058676400445348,4,65
228.25,710.0,-307.0,5.058688837489352,4,65
