X,Y,Z,grade,formation,borehole
477.25,810.0,-461.0,5.059135768368919,4,17
477.25,810.0,-439.0,5.059137694829664,4,17
477.25,810.0,-417.0,5.05913882307128,4,17
477.25,810.0,-395.0,5.059139112293668,4,17
477.25,810.0,-373.0,5.059138532991486,4,17
477.25,810.0,-351.0,5.059137068181603,4,17
477.25,810.0,-329.0,5.059134714306175,4,17
477.25,810.0,-307.0,5.059131481758412,4,17
