X,Y,Z,grade,formation,borehole
560.25,330.0,-417.0,5.0629367906479175,4,62
560.25,330.0,-395.0,5.06296497312562,4,62
560.25,330.0,-373.0,5.062950498196214,4,62
560.25,330.0,-351.0,5.062891251137832,4,62
560.25,330.0,-329.0,5.062786891581012,4,62
560.25,330.0,-307.0,5.062639033755626,4,62
560.25,330.0,-285.0,5.062451260989474,4,62
560.25,330.0,-263.0,5.062228955273555,4,62
560.25,330.0,-241.0,5.061978951130927,4,62
