X,Y,Z,grade,formation,borehole
975.25,750.0,-439.0,5.059728793849674,4,37
975.25,750.0,-417.0,5.059719914408927,4,37
975.25,750.0,-395.0,5.05970775197926,4,37
975.25,750.0,-373.0,5.0596923726840055,4,37
975.25,750.0,-351.0,5.059673891327772,4,37
975.25,750.0,-329.0,5.059652470273168,4,37
975.25,750.0,-307.0,5.0596283168630425,4,37
975.25,750.0,-285.0,5.059601679437391,4,37
975.25,750.0,-263.0,5.059572842066555,4,37
