X,Y,Z,grade,formation,borehole
2054.25,110.0,-989.0,5.060866667343073,4,23
2054.25,110.0,-967.0,5.061019577861705,4,23
2054.25,110.0,-945.0,5.061178841411486,4,23
2054.25,110.0,-923.0,5.061343267511642,4,23
2054.25,110.0,-901.0,5.061511190687475,4,23
2054.25,110.0,-879.0,5.061680361782814,4,23
