X,Y,Z,grade,formation,borehole
1680.75,30.0,-527.0,5.069219355632196,4,11
1680.75,30.0,-505.0,5.062167582130879,4,11
1680.75,30.0,-483.0,5.0564697310692175,4,11
1680.75,30.0,-461.0,5.057622774236618,4,11
1680.75,30.0,-439.0,5.042989668181297,4,11
1680.75,30.0,-417.0,5.0320715433191125,4,11
1680.75,30.0,-395.0,5.034456163628472,4,11
1680.75,30.0,-373.0,5.039346047336887,4,11
