X,Y,Z,grade,formation,borehole
1307.25,10.0,-219.0,5.07254878763379,4,2
1307.25,10.0,-197.0,5.071202000065682,4,2
